grad_norm,lg_loss_scale,loss,loss_q0,loss_q1,loss_q2,loss_q3,mse,mse_q0,mse_q1,mse_q2,mse_q3,samples,step,sum,sum_q0,sum_q1,sum_q2,sum_q3
125694.52420172501,4.184000000000058,11665.116229705807,13685.872934829784,9828.853064379646,13444.881752399502,9588.81966404184,0.1779955479386262,0.20882984824874548,0.14997639563567575,0.20515261463011936,0.14631377661196654,804,200,11665.116229705807,13685.872934829784,9828.853064379646,13444.881752399502,9588.81966404184
